<?xml version="1.0" encoding="UTF-8"?>
<metadata xml:lang="en"><Esri><CreaDate>20241115</CreaDate><CreaTime>02422400</CreaTime><ArcGISFormat>1.0</ArcGISFormat><SyncOnce>FALSE</SyncOnce><DataProperties><lineage><Process ToolSource="c:\users\okikiola.alegbeleye\appdata\local\programs\arcgis\pro\Resources\ArcToolbox\toolboxes\Image Analyst Tools.tbx\DetectObjectsUsingDeepLearning" Date="20241115" Time="024224">DetectObjectsUsingDeepLearning C:\Users\okikiola.alegbeleye\Documents\Michael_phd\itd_pullman\Pullman_prediction_images C:\Users\okikiola.alegbeleye\Documents\Michael_phd\itd_pullman\new_computer_itd\pullman_prediction\pullman_predictions.shp C:\Users\okikiola.alegbeleye\Documents\Michael_phd\itd_pullman\pullman_prediction_annotations\final_selected_models\training_yolov3_super_retrained_2\training_yolov3_super_retrained_2.emd "padding 128;threshold 0.1;nms_overlap 0.1;batch_size 8;exclude_pad_detections True;test_time_augmentation False" NMS Confidence Class 0.1 "Process as mosaicked image" NO_PIXELSPACE</Process><Process ToolSource="c:\users\okikiola.alegbeleye\appdata\local\programs\arcgis\pro\Resources\ArcToolbox\toolboxes\Conversion Tools.tbx\ExportFeatures" Date="20241115" Time="044213">ExportFeatures pullman_predictions "C:\Users\okikiola.alegbeleye\OneDrive - Washington State University (email.wsu.edu)\office_comp\itd_pullman_folders\pullman_predictions_For_all_images\Pullman_Tree_Crown_Boxes.shp" # NOT_USE_ALIAS "Class "Class" true true false 254 Text 0 0,First,#,pullman_predictions,Class,0,253;Confidence "Confidence" true true false 19 Double 0 0,First,#,pullman_predictions,Confidence,-1,-1;ImageURI "ImageURI" true true false 254 Text 0 0,First,#,pullman_predictions,ImageURI,0,253" #</Process><Process ToolSource="c:\program files\arcgis\pro\Resources\ArcToolbox\toolboxes\Data Management Tools.tbx\UpdateSchema" Date="20241115" Time="152118">UpdateSchema "CIMDATA=&lt;CIMStandardDataConnection xsi:type='typens:CIMStandardDataConnection' xmlns:xsi='http://www.w3.org/2001/XMLSchema-instance' xmlns:xs='http://www.w3.org/2001/XMLSchema' xmlns:typens='http://www.esri.com/schemas/ArcGIS/3.3.0'&gt;&lt;WorkspaceConnectionString&gt;DATABASE=C:\Users\alegb\OneDrive - Washington State University (email.wsu.edu)\office_comp\itd_pullman_folders\pullman_predictions_For_all_images&lt;/WorkspaceConnectionString&gt;&lt;WorkspaceFactory&gt;Shapefile&lt;/WorkspaceFactory&gt;&lt;Dataset&gt;Pullman_Tree_Crown_Boxes.shp&lt;/Dataset&gt;&lt;DatasetType&gt;esriDTFeatureClass&lt;/DatasetType&gt;&lt;/CIMStandardDataConnection&gt;" &lt;operationSequence&gt;&lt;workflow&gt;&lt;AddField&gt;&lt;field_name&gt;Area&lt;/field_name&gt;&lt;field_type&gt;LONG&lt;/field_type&gt;&lt;field_is_nullable&gt;False&lt;/field_is_nullable&gt;&lt;field_is_required&gt;False&lt;/field_is_required&gt;&lt;/AddField&gt;&lt;/workflow&gt;&lt;/operationSequence&gt;</Process><Process ToolSource="c:\program files\arcgis\pro\Resources\ArcToolbox\toolboxes\Data Management Tools.tbx\CalculateGeometryAttributes" Date="20241115" Time="152505">CalculateGeometryAttributes Pullman_Tree_Crown_Boxes "Area AREA" # "Square Meters" PROJCS["NAD_1983_UTM_Zone_11N",GEOGCS["GCS_North_American_1983",DATUM["D_North_American_1983",SPHEROID["GRS_1980",6378137.0,298.257222101]],PRIMEM["Greenwich",0.0],UNIT["Degree",0.0174532925199433]],PROJECTION["Transverse_Mercator"],PARAMETER["False_Easting",500000.0],PARAMETER["False_Northing",0.0],PARAMETER["Central_Meridian",-117.0],PARAMETER["Scale_Factor",0.9996],PARAMETER["Latitude_Of_Origin",0.0],UNIT["Meter",1.0]] "Same as input"</Process><Process ToolSource="c:\program files\arcgis\pro\Resources\ArcToolbox\toolboxes\Conversion Tools.tbx\ExportFeatures" Date="20241115" Time="153321">ExportFeatures Pullman_Tree_Crown_Boxes "C:\Users\alegb\OneDrive - Washington State University (email.wsu.edu)\office_comp\itd_pullman_folders\pullman_predictions_For_all_images\Pullman_Tree_Crown_Boxes_projected.shp" # NOT_USE_ALIAS "Class "Class" true true false 254 Text 0 0,First,#,Pullman_Tree_Crown_Boxes,Class,0,253;Confidence "Confidence" true true false 19 Double 0 0,First,#,Pullman_Tree_Crown_Boxes,Confidence,-1,-1;ImageURI "ImageURI" true true false 254 Text 0 0,First,#,Pullman_Tree_Crown_Boxes,ImageURI,0,253;Area "Area" true true false 10 Long 0 10,First,#,Pullman_Tree_Crown_Boxes,Area,-1,-1" #</Process><Process ToolSource="c:\program files\arcgis\pro\Resources\ArcToolbox\toolboxes\Conversion Tools.tbx\ExportFeatures" Date="20241119" Time="210316">ExportFeatures Pullman_Tree_Crown_Boxes_projected "C:\Users\alegb\OneDrive - Washington State University (email.wsu.edu)\office_comp\itd_pullman_folders\pullman_predictions_For_all_images\Pullman_Tree_Crown_Boxes_projected_cleaned.shp" # NOT_USE_ALIAS "Class "Class" true true false 254 Text 0 0,First,#,Pullman_Tree_Crown_Boxes_projected,Pullman_Tree_Crown_Boxes_projected.Class,0,253;Confidence "Confidence" true true false 19 Double 0 0,First,#,Pullman_Tree_Crown_Boxes_projected,Pullman_Tree_Crown_Boxes_projected.Confidence,-1,-1;ImageURI "ImageURI" true true false 254 Text 0 0,First,#,Pullman_Tree_Crown_Boxes_projected,Pullman_Tree_Crown_Boxes_projected.ImageURI,0,253;Area "Area" true true false 10 Long 0 10,First,#,Pullman_Tree_Crown_Boxes_projected,Pullman_Tree_Crown_Boxes_projected.Area,-1,-1;OBJECTID * "OBJECTID *" true true false 4 Long 0 0,First,#,Pullman_Tree_Crown_Boxes_projected,prediction_with_heights_meters_csv.csv.OBJECTID *,-1,-1;FID "FID" true true false 4 Long 0 0,First,#,Pullman_Tree_Crown_Boxes_projected,prediction_with_heights_meters_csv.csv.FID,-1,-1;MAX_HEIGHT "MAX_HEIGHT_METERS" true true false 8 Double 0 0,First,#,Pullman_Tree_Crown_Boxes_projected,prediction_with_heights_meters_csv.csv.MAX_HEIGHT,-1,-1;MEAN_HEIGHT "MEAN_HEIGHT_METERS" true true false 8 Double 0 0,First,#,Pullman_Tree_Crown_Boxes_projected,prediction_with_heights_meters_csv.csv.MEAN_HEIGHT,-1,-1;STD "STD" true true false 8 Double 0 0,First,#,Pullman_Tree_Crown_Boxes_projected,prediction_with_heights_meters_csv.csv.STD,-1,-1;MEDIAN "MEDIAN_HEIGHT_METERS" true true false 8 Double 0 0,First,#,Pullman_Tree_Crown_Boxes_projected,prediction_with_heights_meters_csv.csv.MEDIAN,-1,-1;90TH_PERCENTILE "90TH_PERCENTILE" true true false 8 Double 0 0,First,#,Pullman_Tree_Crown_Boxes_projected,prediction_with_heights_meters_csv.csv.90TH_PERCENTILE,-1,-1;98_PERCENTILE "98TH_PERCENTILE" true true false 8 Double 0 0,First,#,Pullman_Tree_Crown_Boxes_projected,prediction_with_heights_meters_csv.csv.98_PERCENTILE,-1,-1;95TH_PERCENTILE "95TH_PERCENTILE" true true false 8 Double 0 0,First,#,Pullman_Tree_Crown_Boxes_projected,prediction_with_heights_meters_csv.csv.95TH_PERCENTILE,-1,-1" #</Process><Process ToolSource="c:\program files\arcgis\pro\Resources\ArcToolbox\toolboxes\Data Management Tools.tbx\UpdateSchema" Date="20241119" Time="212228">UpdateSchema "CIMDATA=&lt;CIMStandardDataConnection xsi:type='typens:CIMStandardDataConnection' xmlns:xsi='http://www.w3.org/2001/XMLSchema-instance' xmlns:xs='http://www.w3.org/2001/XMLSchema' xmlns:typens='http://www.esri.com/schemas/ArcGIS/3.3.0'&gt;&lt;WorkspaceConnectionString&gt;DATABASE=C:\Users\alegb\OneDrive - Washington State University (email.wsu.edu)\office_comp\itd_pullman_folders\pullman_predictions_For_all_images&lt;/WorkspaceConnectionString&gt;&lt;WorkspaceFactory&gt;Shapefile&lt;/WorkspaceFactory&gt;&lt;Dataset&gt;Pullman_Tree_Crown_Boxes_projected_cleaned&lt;/Dataset&gt;&lt;DatasetType&gt;esriDTFeatureClass&lt;/DatasetType&gt;&lt;/CIMStandardDataConnection&gt;" &lt;operationSequence&gt;&lt;workflow&gt;&lt;DeleteField&gt;&lt;field_name&gt;Confidence&lt;/field_name&gt;&lt;/DeleteField&gt;&lt;/workflow&gt;&lt;/operationSequence&gt;</Process><Process ToolSource="c:\program files\arcgis\pro\Resources\ArcToolbox\toolboxes\Data Management Tools.tbx\UpdateSchema" Date="20241119" Time="212423">UpdateSchema "CIMDATA=&lt;CIMStandardDataConnection xsi:type='typens:CIMStandardDataConnection' xmlns:xsi='http://www.w3.org/2001/XMLSchema-instance' xmlns:xs='http://www.w3.org/2001/XMLSchema' xmlns:typens='http://www.esri.com/schemas/ArcGIS/3.3.0'&gt;&lt;WorkspaceConnectionString&gt;DATABASE=C:\Users\alegb\OneDrive - Washington State University (email.wsu.edu)\office_comp\itd_pullman_folders\pullman_predictions_For_all_images&lt;/WorkspaceConnectionString&gt;&lt;WorkspaceFactory&gt;Shapefile&lt;/WorkspaceFactory&gt;&lt;Dataset&gt;Pullman_Tree_Crown_Boxes_projected_cleaned&lt;/Dataset&gt;&lt;DatasetType&gt;esriDTFeatureClass&lt;/DatasetType&gt;&lt;/CIMStandardDataConnection&gt;" &lt;operationSequence&gt;&lt;workflow&gt;&lt;DeleteField&gt;&lt;field_name&gt;Area&lt;/field_name&gt;&lt;field_name&gt;OBJECTID__&lt;/field_name&gt;&lt;/DeleteField&gt;&lt;/workflow&gt;&lt;/operationSequence&gt;</Process><Process ToolSource="c:\program files\arcgis\pro\Resources\ArcToolbox\toolboxes\Conversion Tools.tbx\ExportFeatures" Date="20241119" Time="215427">ExportFeatures Pullman_Tree_Crown_Boxes_projected_cleaned "C:\Users\alegb\OneDrive - Washington State University (email.wsu.edu)\office_comp\itd_pullman_folders\pullman_predictions_For_all_images\Pullman_Tree_Crown_Boxes_projected_cleaned_3m_max_height.shp" "MAX_HEIGHT &gt;= 3" NOT_USE_ALIAS "Class "Class" true true false 254 Text 0 0,First,#,Pullman_Tree_Crown_Boxes_projected_cleaned,Class,0,253;ImageURI "IMAGE_ID" true true false 254 Text 0 0,First,#,Pullman_Tree_Crown_Boxes_projected_cleaned,ImageURI,0,253;FID_ "FID_" true true false 10 Long 0 10,First,#,Pullman_Tree_Crown_Boxes_projected_cleaned,FID_,-1,-1;MAX_HEIGHT "MAX_HEIGHT_METERS" true true false 19 Double 0 0,First,#,Pullman_Tree_Crown_Boxes_projected_cleaned,MAX_HEIGHT,-1,-1;MEAN_HEIGH "MEAN_HEIGHT_METERS" true true false 19 Double 0 0,First,#,Pullman_Tree_Crown_Boxes_projected_cleaned,MEAN_HEIGH,-1,-1;STD "STD" true true false 19 Double 0 0,First,#,Pullman_Tree_Crown_Boxes_projected_cleaned,STD,-1,-1;MEDIAN "MEDIAN_HEIGHT_METERS" true true false 19 Double 0 0,First,#,Pullman_Tree_Crown_Boxes_projected_cleaned,MEDIAN,-1,-1;90TH_PERCE "90TH_PERCENTILE" true true false 19 Double 0 0,First,#,Pullman_Tree_Crown_Boxes_projected_cleaned,90TH_PERCE,-1,-1;98_PERCENT "98_PERCENTILE" true true false 19 Double 0 0,First,#,Pullman_Tree_Crown_Boxes_projected_cleaned,98_PERCENT,-1,-1;95TH_PERCE "95TH_PERCENTILE" true true false 19 Double 0 0,First,#,Pullman_Tree_Crown_Boxes_projected_cleaned,95TH_PERCE,-1,-1" #</Process><Process ToolSource="c:\program files\arcgis\pro\Resources\ArcToolbox\toolboxes\Conversion Tools.tbx\ExportFeatures" Date="20241120" Time="104355">ExportFeatures Pullman_Tree_Crown_Boxes_projected_cleaned_3m_max_height "C:\Users\alegb\OneDrive - Washington State University (email.wsu.edu)\office_comp\itd_pullman_folders\training_models_super_comp\for_github\preditions\PTCNet_tree_crown_predictions_3m_and_above\PTCNet_tree_crown_predictions_3m_and_above.shp" # NOT_USE_ALIAS "Class "Class" true true false 254 Text 0 0,First,#,Pullman_Tree_Crown_Boxes_projected_cleaned_3m_max_height,Class,0,253;ImageURI "ImageURI" true true false 254 Text 0 0,First,#,Pullman_Tree_Crown_Boxes_projected_cleaned_3m_max_height,ImageURI,0,253;FID_ "FID_" true true false 10 Long 0 10,First,#,Pullman_Tree_Crown_Boxes_projected_cleaned_3m_max_height,FID_,-1,-1;MAX_HEIGHT "MAX_HEIGHT" true true false 19 Double 0 0,First,#,Pullman_Tree_Crown_Boxes_projected_cleaned_3m_max_height,MAX_HEIGHT,-1,-1;MEAN_HEIGH "MEAN_HEIGH" true true false 19 Double 0 0,First,#,Pullman_Tree_Crown_Boxes_projected_cleaned_3m_max_height,MEAN_HEIGH,-1,-1;STD "STD" true true false 19 Double 0 0,First,#,Pullman_Tree_Crown_Boxes_projected_cleaned_3m_max_height,STD,-1,-1;MEDIAN "MEDIAN" true true false 19 Double 0 0,First,#,Pullman_Tree_Crown_Boxes_projected_cleaned_3m_max_height,MEDIAN,-1,-1;90TH_PERCE "90TH_PERCE" true true false 19 Double 0 0,First,#,Pullman_Tree_Crown_Boxes_projected_cleaned_3m_max_height,90TH_PERCE,-1,-1;98_PERCENT "98_PERCENT" true true false 19 Double 0 0,First,#,Pullman_Tree_Crown_Boxes_projected_cleaned_3m_max_height,98_PERCENT,-1,-1;95TH_PERCE "95TH_PERCE" true true false 19 Double 0 0,First,#,Pullman_Tree_Crown_Boxes_projected_cleaned_3m_max_height,95TH_PERCE,-1,-1" #</Process></lineage><itemProps><itemName Sync="TRUE">PTCNet_tree_crown_predictions_3m_and_above</itemName><imsContentType Sync="TRUE">002</imsContentType><itemSize Sync="TRUE">0.000</itemSize><itemLocation><linkage Sync="TRUE">file://\\OKIKIOLA\C$\Users\alegb\OneDrive - Washington State University (email.wsu.edu)\office_comp\itd_pullman_folders\training_models_super_comp\for_github\preditions\PTCNet_tree_crown_predictions_3m_and_above\PTCNet_tree_crown_predictions_3m_and_above.shp</linkage><protocol Sync="TRUE">Local Area Network</protocol></itemLocation></itemProps><coordRef><type Sync="TRUE">Projected</type><geogcsn Sync="TRUE">GCS_North_American_1983</geogcsn><csUnits Sync="TRUE">Linear Unit: Meter (1.000000)</csUnits><projcsn Sync="TRUE">NAD_1983_UTM_Zone_11N</projcsn><peXml Sync="TRUE">&lt;ProjectedCoordinateSystem xsi:type='typens:ProjectedCoordinateSystem' xmlns:xsi='http://www.w3.org/2001/XMLSchema-instance' xmlns:xs='http://www.w3.org/2001/XMLSchema' xmlns:typens='http://www.esri.com/schemas/ArcGIS/3.3.0'&gt;&lt;WKT&gt;PROJCS[&amp;quot;NAD_1983_UTM_Zone_11N&amp;quot;,GEOGCS[&amp;quot;GCS_North_American_1983&amp;quot;,DATUM[&amp;quot;D_North_American_1983&amp;quot;,SPHEROID[&amp;quot;GRS_1980&amp;quot;,6378137.0,298.257222101]],PRIMEM[&amp;quot;Greenwich&amp;quot;,0.0],UNIT[&amp;quot;Degree&amp;quot;,0.0174532925199433]],PROJECTION[&amp;quot;Transverse_Mercator&amp;quot;],PARAMETER[&amp;quot;False_Easting&amp;quot;,500000.0],PARAMETER[&amp;quot;False_Northing&amp;quot;,0.0],PARAMETER[&amp;quot;Central_Meridian&amp;quot;,-117.0],PARAMETER[&amp;quot;Scale_Factor&amp;quot;,0.9996],PARAMETER[&amp;quot;Latitude_Of_Origin&amp;quot;,0.0],UNIT[&amp;quot;Meter&amp;quot;,1.0],AUTHORITY[&amp;quot;EPSG&amp;quot;,26911]]&lt;/WKT&gt;&lt;XOrigin&gt;-5120900&lt;/XOrigin&gt;&lt;YOrigin&gt;-9998100&lt;/YOrigin&gt;&lt;XYScale&gt;450445547.3910538&lt;/XYScale&gt;&lt;ZOrigin&gt;-100000&lt;/ZOrigin&gt;&lt;ZScale&gt;10000&lt;/ZScale&gt;&lt;MOrigin&gt;-100000&lt;/MOrigin&gt;&lt;MScale&gt;10000&lt;/MScale&gt;&lt;XYTolerance&gt;0.001&lt;/XYTolerance&gt;&lt;ZTolerance&gt;0.001&lt;/ZTolerance&gt;&lt;MTolerance&gt;0.001&lt;/MTolerance&gt;&lt;HighPrecision&gt;true&lt;/HighPrecision&gt;&lt;WKID&gt;26911&lt;/WKID&gt;&lt;LatestWKID&gt;26911&lt;/LatestWKID&gt;&lt;/ProjectedCoordinateSystem&gt;</peXml></coordRef></DataProperties><SyncDate>20241120</SyncDate><SyncTime>10435400</SyncTime><ModDate>20241120</ModDate><ModTime>10435400</ModTime></Esri><dataIdInfo><envirDesc Sync="TRUE">Microsoft Windows 10 Version 10.0 (Build 22631) ; Esri ArcGIS 13.3.2.52636</envirDesc><dataLang><languageCode value="eng" Sync="TRUE"></languageCode><countryCode value="USA" Sync="TRUE"></countryCode></dataLang><idCitation><resTitle Sync="TRUE">PTCNet_tree_crown_predictions_3m_and_above</resTitle><presForm><PresFormCd value="005" Sync="TRUE"></PresFormCd></presForm></idCitation><spatRpType><SpatRepTypCd value="001" Sync="TRUE"></SpatRepTypCd></spatRpType></dataIdInfo><mdLang><languageCode value="eng" Sync="TRUE"></languageCode><countryCode value="USA" Sync="TRUE"></countryCode></mdLang><mdChar><CharSetCd value="004" Sync="TRUE"></CharSetCd></mdChar><distInfo><distFormat><formatName Sync="TRUE">Shapefile</formatName></distFormat><distTranOps><transSize Sync="TRUE">0.000</transSize></distTranOps></distInfo><mdHrLv><ScopeCd value="005" Sync="TRUE"></ScopeCd></mdHrLv><mdHrLvName Sync="TRUE">dataset</mdHrLvName><refSysInfo><RefSystem><refSysID><identCode code="26911" Sync="TRUE"></identCode><idCodeSpace Sync="TRUE">EPSG</idCodeSpace><idVersion Sync="TRUE">6.11(3.0.1)</idVersion></refSysID></RefSystem></refSysInfo><spatRepInfo><VectSpatRep><geometObjs Name="PTCNet_tree_crown_predictions_3m_and_above"><geoObjTyp><GeoObjTypCd value="002" Sync="TRUE"></GeoObjTypCd></geoObjTyp><geoObjCnt Sync="TRUE">0</geoObjCnt></geometObjs><topLvl><TopoLevCd value="001" Sync="TRUE"></TopoLevCd></topLvl></VectSpatRep></spatRepInfo><spdoinfo><ptvctinf><esriterm Name="PTCNet_tree_crown_predictions_3m_and_above"><efeatyp Sync="TRUE">Simple</efeatyp><efeageom code="4" Sync="TRUE"></efeageom><esritopo Sync="TRUE">FALSE</esritopo><efeacnt Sync="TRUE">0</efeacnt><spindex Sync="TRUE">FALSE</spindex><linrefer Sync="TRUE">FALSE</linrefer></esriterm></ptvctinf></spdoinfo><eainfo><detailed Name="PTCNet_tree_crown_predictions_3m_and_above"><enttyp><enttypl Sync="TRUE">PTCNet_tree_crown_predictions_3m_and_above</enttypl><enttypt Sync="TRUE">Feature Class</enttypt><enttypc Sync="TRUE">0</enttypc></enttyp><attr><attrlabl Sync="TRUE">FID</attrlabl><attalias Sync="TRUE">FID</attalias><attrtype Sync="TRUE">OID</attrtype><attwidth Sync="TRUE">4</attwidth><atprecis Sync="TRUE">0</atprecis><attscale Sync="TRUE">0</attscale><attrdef Sync="TRUE">Internal feature number.</attrdef><attrdefs Sync="TRUE">Esri</attrdefs><attrdomv><udom Sync="TRUE">Sequential unique whole numbers that are automatically generated.</udom></attrdomv></attr><attr><attrlabl Sync="TRUE">Shape</attrlabl><attalias Sync="TRUE">Shape</attalias><attrtype Sync="TRUE">Geometry</attrtype><attwidth Sync="TRUE">0</attwidth><atprecis Sync="TRUE">0</atprecis><attscale Sync="TRUE">0</attscale><attrdef Sync="TRUE">Feature geometry.</attrdef><attrdefs Sync="TRUE">Esri</attrdefs><attrdomv><udom Sync="TRUE">Coordinates defining the features.</udom></attrdomv></attr><attr><attrlabl Sync="TRUE">Class</attrlabl><attalias Sync="TRUE">Class</attalias><attrtype Sync="TRUE">String</attrtype><attwidth Sync="TRUE">254</attwidth><atprecis Sync="TRUE">0</atprecis><attscale Sync="TRUE">0</attscale></attr><attr><attrlabl Sync="TRUE">ImageURI</attrlabl><attalias Sync="TRUE">ImageURI</attalias><attrtype Sync="TRUE">String</attrtype><attwidth Sync="TRUE">254</attwidth><atprecis Sync="TRUE">0</atprecis><attscale Sync="TRUE">0</attscale></attr><attr><attrlabl Sync="TRUE">FID_</attrlabl><attalias Sync="TRUE">FID_</attalias><attrtype Sync="TRUE">Integer</attrtype><attwidth Sync="TRUE">10</attwidth><atprecis Sync="TRUE">10</atprecis><attscale Sync="TRUE">0</attscale></attr><attr><attrlabl Sync="TRUE">MAX_HEIGHT</attrlabl><attalias Sync="TRUE">MAX_HEIGHT</attalias><attrtype Sync="TRUE">Double</attrtype><attwidth Sync="TRUE">19</attwidth><atprecis Sync="TRUE">0</atprecis><attscale Sync="TRUE">0</attscale></attr><attr><attrlabl Sync="TRUE">MEAN_HEIGH</attrlabl><attalias Sync="TRUE">MEAN_HEIGH</attalias><attrtype Sync="TRUE">Double</attrtype><attwidth Sync="TRUE">19</attwidth><atprecis Sync="TRUE">0</atprecis><attscale Sync="TRUE">0</attscale></attr><attr><attrlabl Sync="TRUE">STD</attrlabl><attalias Sync="TRUE">STD</attalias><attrtype Sync="TRUE">Double</attrtype><attwidth Sync="TRUE">19</attwidth><atprecis Sync="TRUE">0</atprecis><attscale Sync="TRUE">0</attscale></attr><attr><attrlabl Sync="TRUE">MEDIAN</attrlabl><attalias Sync="TRUE">MEDIAN</attalias><attrtype Sync="TRUE">Double</attrtype><attwidth Sync="TRUE">19</attwidth><atprecis Sync="TRUE">0</atprecis><attscale Sync="TRUE">0</attscale></attr><attr><attrlabl Sync="TRUE">90TH_PERCE</attrlabl><attalias Sync="TRUE">90TH_PERCE</attalias><attrtype Sync="TRUE">Double</attrtype><attwidth Sync="TRUE">19</attwidth><atprecis Sync="TRUE">0</atprecis><attscale Sync="TRUE">0</attscale></attr><attr><attrlabl Sync="TRUE">98_PERCENT</attrlabl><attalias Sync="TRUE">98_PERCENT</attalias><attrtype Sync="TRUE">Double</attrtype><attwidth Sync="TRUE">19</attwidth><atprecis Sync="TRUE">0</atprecis><attscale Sync="TRUE">0</attscale></attr><attr><attrlabl Sync="TRUE">95TH_PERCE</attrlabl><attalias Sync="TRUE">95TH_PERCE</attalias><attrtype Sync="TRUE">Double</attrtype><attwidth Sync="TRUE">19</attwidth><atprecis Sync="TRUE">0</atprecis><attscale Sync="TRUE">0</attscale></attr></detailed></eainfo><mdDateSt Sync="TRUE">20241120</mdDateSt></metadata>
